Fecha,Valor
2017-01-03T00:00:00,23.6674
2017-01-04T00:00:00,23.6788
2017-01-05T00:00:00,23.6902
2017-01-06T00:00:00,23.7063
2017-01-09T00:00:00,23.7224
2017-01-10T00:00:00,23.7272
2017-01-11T00:00:00,23.7319
2017-01-12T00:00:00,23.7367
2017-01-13T00:00:00,23.7478
2017-01-16T00:00:00,23.7588
2017-01-17T00:00:00,23.765
2017-01-18T00:00:00,23.7712
2017-01-19T00:00:00,23.7775
2017-01-20T00:00:00,23.7843
2017-01-23T00:00:00,23.7911
2017-01-24T00:00:00,23.7917
2017-01-25T00:00:00,23.7923
2017-01-26T00:00:00,23.7929
2017-01-27T00:00:00,23.7914
2017-01-30T00:00:00,23.7899
2017-01-31T00:00:00,23.7879
2017-02-01T00:00:00,23.7858
2017-02-02T00:00:00,23.7837
2017-02-03T00:00:00,23.7758
2017-02-06T00:00:00,23.7677
2017-02-07T00:00:00,23.7618
2017-02-08T00:00:00,23.7558
2017-02-09T00:00:00,23.7499
2017-02-10T00:00:00,23.7381
2017-02-13T00:00:00,23.7263
2017-02-14T00:00:00,23.7204
2017-02-15T00:00:00,23.7145
2017-02-16T00:00:00,23.7086
2017-02-17T00:00:00,23.7051
2017-02-20T00:00:00,23.7014
2017-02-21T00:00:00,23.7037
2017-02-22T00:00:00,23.7059
2017-02-23T00:00:00,23.7081
2017-02-24T00:00:00,23.7099
2017-02-27T00:00:00,23.7116
2017-02-28T00:00:00,23.7112
2017-03-01T00:00:00,23.7108
2017-03-02T00:00:00,23.7104
2017-03-03T00:00:00,23.7091
2017-03-06T00:00:00,23.7079
2017-03-07T00:00:00,23.7071
2017-03-08T00:00:00,23.7062
2017-03-09T00:00:00,23.7054
2017-03-10T00:00:00,23.7043
2017-03-13T00:00:00,23.7032
2017-03-14T00:00:00,23.7029
2017-03-15T00:00:00,23.7024
2017-03-16T00:00:00,23.7021
2017-03-17T00:00:00,23.7006
2017-03-20T00:00:00,23.699
2017-03-21T00:00:00,23.6978
2017-03-22T00:00:00,23.6965
2017-03-23T00:00:00,23.6953
2017-03-24T00:00:00,23.6896
2017-03-27T00:00:00,23.6838
2017-03-28T00:00:00,23.6792
2017-03-29T00:00:00,23.6748
2017-03-30T00:00:00,23.6701
2017-03-31T00:00:00,23.6585
2017-04-03T00:00:00,23.6468
2017-04-04T00:00:00,23.6396
2017-04-05T00:00:00,23.6326
2017-04-06T00:00:00,23.6254
2017-04-07T00:00:00,23.6189
2017-04-17T00:00:00,23.6125
2017-04-18T00:00:00,23.6132
2017-04-19T00:00:00,23.6139
2017-04-20T00:00:00,23.6147
2017-04-21T00:00:00,23.6195
2017-04-24T00:00:00,23.6244
2017-04-25T00:00:00,23.6286
2017-04-26T00:00:00,23.6327
2017-04-27T00:00:00,23.6368
2017-04-28T00:00:00,23.6388
2017-05-02T00:00:00,23.6408
2017-05-03T00:00:00,23.6387
2017-05-04T00:00:00,23.6367
2017-05-05T00:00:00,23.6346
2017-05-08T00:00:00,23.6318
2017-05-09T00:00:00,23.6289
2017-05-10T00:00:00,23.6281
2017-05-11T00:00:00,23.6275
2017-05-12T00:00:00,23.6268
2017-05-15T00:00:00,23.6276
2017-05-16T00:00:00,23.6286
2017-05-17T00:00:00,23.6302
2017-05-18T00:00:00,23.6318
2017-05-19T00:00:00,23.6334
2017-05-22T00:00:00,23.6367
2017-05-23T00:00:00,23.64
2017-05-24T00:00:00,23.6418
2017-05-25T00:00:00,23.6437
2017-05-26T00:00:00,23.6454
2017-05-29T00:00:00,23.6407
2017-05-30T00:00:00,23.6361
2017-05-31T00:00:00,23.6297
2017-06-01T00:00:00,23.6233
2017-06-02T00:00:00,23.6169
2017-06-05T00:00:00,23.6107
2017-06-06T00:00:00,23.6047
2017-06-07T00:00:00,23.605
2017-06-08T00:00:00,23.6053
2017-06-09T00:00:00,23.6056
2017-06-12T00:00:00,23.6059
2017-06-13T00:00:00,23.6062
2017-06-14T00:00:00,23.6062
2017-06-15T00:00:00,23.6062
2017-06-16T00:00:00,23.6062
2017-06-19T00:00:00,23.6062
2017-06-20T00:00:00,23.6062
2017-06-21T00:00:00,23.6062
2017-06-22T00:00:00,23.6062
2017-06-23T00:00:00,23.6062
2017-06-26T00:00:00,23.6067
2017-06-27T00:00:00,23.6072
2017-06-28T00:00:00,23.6077
2017-06-29T00:00:00,23.6081
2017-06-30T00:00:00,23.6086
2017-07-03T00:00:00,23.6114
2017-07-04T00:00:00,23.614
2017-07-05T00:00:00,23.6163
2017-07-06T00:00:00,23.6185
2017-07-07T00:00:00,23.6207
2017-07-10T00:00:00,23.6169
2017-07-11T00:00:00,23.6131
2017-07-12T00:00:00,23.6071
2017-07-13T00:00:00,23.6012
2017-07-14T00:00:00,23.5951
2017-07-17T00:00:00,23.5922
2017-07-18T00:00:00,23.5892
2017-07-19T00:00:00,23.5923
2017-07-20T00:00:00,23.5952
2017-07-21T00:00:00,23.5982
2017-07-24T00:00:00,23.5956
2017-07-25T00:00:00,23.5929
2017-07-26T00:00:00,23.5872
2017-07-27T00:00:00,23.5814
2017-07-28T00:00:00,23.5757
2017-07-31T00:00:00,23.5649
2017-08-01T00:00:00,23.5541
2017-08-02T00:00:00,23.549
2017-08-03T00:00:00,23.544
2017-08-04T00:00:00,23.5388
2017-08-07T00:00:00,23.5339
2017-08-08T00:00:00,23.5288
2017-08-09T00:00:00,23.5288
2017-08-10T00:00:00,23.5288
2017-08-11T00:00:00,23.5288
2017-08-14T00:00:00,23.5288
2017-08-15T00:00:00,23.5288
2017-08-16T00:00:00,23.5288
2017-08-17T00:00:00,23.5288
2017-08-18T00:00:00,23.5288
2017-08-21T00:00:00,23.531
2017-08-22T00:00:00,23.533
2017-08-23T00:00:00,23.5351
2017-08-24T00:00:00,23.5371
2017-08-25T00:00:00,23.5392
2017-08-28T00:00:00,23.5414
2017-08-29T00:00:00,23.5436
2017-08-30T00:00:00,23.5437
2017-08-31T00:00:00,23.5438
2017-09-01T00:00:00,23.5439
2017-09-04T00:00:00,23.5439
2017-09-05T00:00:00,23.544
2017-09-06T00:00:00,23.544
2017-09-07T00:00:00,23.544
2017-09-08T00:00:00,23.544
2017-09-11T00:00:00,23.5443
2017-09-12T00:00:00,23.5445
2017-09-13T00:00:00,23.5448
2017-09-14T00:00:00,23.5451
2017-09-18T00:00:00,23.5454
2017-09-19T00:00:00,23.5456
2017-09-20T00:00:00,23.5459
2017-09-21T00:00:00,23.5459
2017-09-22T00:00:00,23.5459
2017-09-25T00:00:00,23.5459
2017-09-26T00:00:00,23.5487
2017-09-27T00:00:00,23.5515
2017-09-28T00:00:00,23.5543
2017-09-29T00:00:00,23.5572
2017-10-09T00:00:00,23.56
2017-10-10T00:00:00,23.5687
2017-10-11T00:00:00,23.5775
2017-10-12T00:00:00,23.5835
2017-10-13T00:00:00,23.5895
2017-10-16T00:00:00,23.5955
2017-10-17T00:00:00,23.6104
2017-10-18T00:00:00,23.6255
2017-10-19T00:00:00,23.6346
2017-10-20T00:00:00,23.6438
2017-10-23T00:00:00,23.6528
2017-10-24T00:00:00,23.6645
2017-10-25T00:00:00,23.6763
2017-10-26T00:00:00,23.679
2017-10-27T00:00:00,23.6816
2017-10-30T00:00:00,23.6844
2017-10-31T00:00:00,23.6896
2017-11-01T00:00:00,23.6949
2017-11-02T00:00:00,23.6974
2017-11-03T00:00:00,23.6998
2017-11-06T00:00:00,23.7024
2017-11-07T00:00:00,23.7109
2017-11-08T00:00:00,23.7196
2017-11-09T00:00:00,23.7256
2017-11-10T00:00:00,23.7316
2017-11-13T00:00:00,23.7376
2017-11-14T00:00:00,23.7442
2017-11-15T00:00:00,23.7505
2017-11-16T00:00:00,23.7509
2017-11-17T00:00:00,23.7514
2017-11-20T00:00:00,23.7518
2017-11-21T00:00:00,23.751
2017-11-22T00:00:00,23.7501
2017-11-23T00:00:00,23.7489
2017-11-24T00:00:00,23.7477
2017-11-28T00:00:00,23.7465
2017-11-29T00:00:00,23.744
2017-11-30T00:00:00,23.7413
2017-12-04T00:00:00,23.7388
2017-12-05T00:00:00,23.7376
2017-12-06T00:00:00,23.7305
2017-12-07T00:00:00,23.7234
2017-12-08T00:00:00,23.7176
2017-12-11T00:00:00,23.7117
2017-12-12T00:00:00,23.706
2017-12-13T00:00:00,23.703
2017-12-14T00:00:00,23.6999
2017-12-15T00:00:00,23.7029
2017-12-18T00:00:00,23.7057
2017-12-19T00:00:00,23.7085
2017-12-20T00:00:00,23.7168
2017-12-21T00:00:00,23.7249
2017-12-22T00:00:00,23.7303
2017-12-26T00:00:00,23.7357
2017-12-27T00:00:00,23.741
2017-12-28T00:00:00,23.7471
2017-12-29T00:00:00,23.753
2018-01-02T00:00:00,23.753
2018-01-03T00:00:00,23.7537
2018-01-04T00:00:00,23.7543
2018-01-05T00:00:00,23.7549
2018-01-08T00:00:00,23.7577
2018-01-09T00:00:00,23.7606
2018-01-10T00:00:00,23.7627
2018-01-11T00:00:00,23.765
2018-01-12T00:00:00,23.7671
2018-01-15T00:00:00,23.7693
2018-01-16T00:00:00,23.7714
2018-01-17T00:00:00,23.7714
2018-01-18T00:00:00,23.7714
2018-01-19T00:00:00,23.7714
2018-01-22T00:00:00,23.7714
2018-01-23T00:00:00,23.7714
2018-01-24T00:00:00,23.7714
2018-01-25T00:00:00,23.7714
2018-01-26T00:00:00,23.7714
2018-01-29T00:00:00,23.7637
2018-01-30T00:00:00,23.7561
2018-01-31T00:00:00,23.7484
2018-02-01T00:00:00,23.7407
2018-02-02T00:00:00,23.733
2018-02-05T00:00:00,23.7254
2018-02-06T00:00:00,23.7177
2018-02-07T00:00:00,23.7177
2018-02-08T00:00:00,23.7177
2018-02-09T00:00:00,23.7177
2018-02-12T00:00:00,23.7172
2018-02-13T00:00:00,23.7166
2018-02-14T00:00:00,23.7161
2018-02-15T00:00:00,23.7156
2018-02-16T00:00:00,23.7151
2018-02-19T00:00:00,23.7209
2018-02-20T00:00:00,23.7269
2018-02-21T00:00:00,23.7335
2018-02-22T00:00:00,23.74
2018-02-23T00:00:00,23.7466
2018-02-26T00:00:00,23.7505
2018-02-27T00:00:00,23.7545
2018-02-28T00:00:00,23.7519
2018-03-01T00:00:00,23.7494
2018-03-02T00:00:00,23.7469
2018-03-05T00:00:00,23.7496
2018-03-06T00:00:00,23.7523
2018-03-07T00:00:00,23.7576
2018-03-08T00:00:00,23.763
2018-03-09T00:00:00,23.7683
2018-03-12T00:00:00,23.7771
2018-03-13T00:00:00,23.7858
2018-03-14T00:00:00,23.7893
2018-03-15T00:00:00,23.7927
2018-03-16T00:00:00,23.7962
2018-03-19T00:00:00,23.7996
2018-03-20T00:00:00,23.8031
2018-03-21T00:00:00,23.8031
2018-03-22T00:00:00,23.8031
2018-03-23T00:00:00,23.8031
2018-03-26T00:00:00,23.8054
2018-03-27T00:00:00,23.8054
2018-04-02T00:00:00,23.8054
2018-04-03T00:00:00,23.8076
2018-04-04T00:00:00,23.8098
2018-04-05T00:00:00,23.8121
2018-04-06T00:00:00,23.8143
2018-04-09T00:00:00,23.8167
2018-04-10T00:00:00,23.8189
2018-04-11T00:00:00,23.8189
2018-04-12T00:00:00,23.8189
2018-04-13T00:00:00,23.8189
2018-04-16T00:00:00,23.8189
2018-04-17T00:00:00,23.819
2018-04-18T00:00:00,23.819
2018-04-19T00:00:00,23.819
2018-04-20T00:00:00,23.819
2018-04-23T00:00:00,23.8191
2018-04-24T00:00:00,23.8191
2018-04-25T00:00:00,23.8191
2018-04-26T00:00:00,23.8191
2018-04-27T00:00:00,23.8191
2018-04-30T00:00:00,23.825
2018-05-02T00:00:00,23.8309
2018-05-03T00:00:00,23.8368
2018-05-04T00:00:00,23.8426
2018-05-07T00:00:00,23.8486
2018-05-08T00:00:00,23.8688
2018-05-09T00:00:00,23.889
2018-05-10T00:00:00,23.9033
2018-05-11T00:00:00,23.9176
2018-05-14T00:00:00,23.9319
2018-05-15T00:00:00,23.9575
2018-05-16T00:00:00,23.9832
2018-05-17T00:00:00,23.9946
2018-05-18T00:00:00,24.0059
2018-05-21T00:00:00,24.0173
2018-05-22T00:00:00,24.0327
2018-05-23T00:00:00,24.048
2018-05-24T00:00:00,24.052
2018-05-25T00:00:00,24.056
2018-05-28T00:00:00,24.06
2018-05-29T00:00:00,24.0679
2018-05-30T00:00:00,24.076
2018-05-31T00:00:00,24.08
2018-06-01T00:00:00,24.084
2018-06-04T00:00:00,24.0879
2018-06-05T00:00:00,24.0946
2018-06-06T00:00:00,24.1013
2018-06-07T00:00:00,24.104
2018-06-08T00:00:00,24.1065
2018-06-11T00:00:00,24.1091
2018-06-12T00:00:00,24.1137
2018-06-13T00:00:00,24.1182
2018-06-14T00:00:00,24.1201
2018-06-15T00:00:00,24.122
2018-06-18T00:00:00,24.1238
2018-06-19T00:00:00,24.1269
2018-06-20T00:00:00,24.1301
2018-06-21T00:00:00,24.1313
2018-06-22T00:00:00,24.1326
2018-06-25T00:00:00,24.1338
2018-06-26T00:00:00,24.1391
2018-06-27T00:00:00,24.1445
2018-06-28T00:00:00,24.1486
2018-06-29T00:00:00,24.1527
2018-07-02T00:00:00,24.1567
2018-07-03T00:00:00,24.1599
2018-07-04T00:00:00,24.1632
2018-07-05T00:00:00,24.1623
2018-07-06T00:00:00,24.1615
2018-07-09T00:00:00,24.1605
2018-07-10T00:00:00,24.1606
2018-07-11T00:00:00,24.1606
2018-07-12T00:00:00,24.1616
2018-07-13T00:00:00,24.1626
2018-07-16T00:00:00,24.1635
2018-07-17T00:00:00,24.1603
2018-07-18T00:00:00,24.1574
2018-07-19T00:00:00,24.1535
2018-07-20T00:00:00,24.1494
2018-07-23T00:00:00,24.1454
2018-07-24T00:00:00,24.1424
2018-07-25T00:00:00,24.1394
2018-07-26T00:00:00,24.1404
2018-07-27T00:00:00,24.1413
2018-07-30T00:00:00,24.1422
2018-07-31T00:00:00,24.1447
2018-08-01T00:00:00,24.1473
2018-08-02T00:00:00,24.1489
2018-08-03T00:00:00,24.1506
2018-08-06T00:00:00,24.1522
2018-08-07T00:00:00,24.153
2018-08-08T00:00:00,24.1538
2018-08-09T00:00:00,24.1531
2018-08-10T00:00:00,24.1524
2018-08-13T00:00:00,24.1517
2018-08-14T00:00:00,24.1529
2018-08-15T00:00:00,24.1542
2018-08-16T00:00:00,24.1562
2018-08-17T00:00:00,24.1583
2018-08-20T00:00:00,24.1603
2018-08-21T00:00:00,24.1666
2018-08-22T00:00:00,24.1728
2018-08-23T00:00:00,24.177
2018-08-24T00:00:00,24.1812
2018-08-27T00:00:00,24.1853
2018-08-28T00:00:00,24.1906
2018-08-29T00:00:00,24.1958
2018-08-30T00:00:00,24.1969
2018-08-31T00:00:00,24.1979
2018-09-03T00:00:00,24.199
2018-09-04T00:00:00,24.198
2018-09-05T00:00:00,24.197
2018-09-06T00:00:00,24.195
2018-09-07T00:00:00,24.193
2018-09-10T00:00:00,24.1909
2018-09-11T00:00:00,24.1919
2018-09-12T00:00:00,24.1929
2018-09-13T00:00:00,24.1959
2018-09-14T00:00:00,24.1989
2018-09-17T00:00:00,24.202
2018-09-18T00:00:00,24.2085
2018-09-19T00:00:00,24.2151
2018-09-20T00:00:00,24.2186
2018-09-21T00:00:00,24.2221
2018-09-24T00:00:00,24.2255
2018-09-25T00:00:00,24.2272
2018-09-26T00:00:00,24.2288
2018-09-27T00:00:00,24.227
2018-09-28T00:00:00,24.2252
2018-10-08T00:00:00,24.2234
2018-10-09T00:00:00,24.2218
2018-10-10T00:00:00,24.2202
2018-10-11T00:00:00,24.2204
2018-10-12T00:00:00,24.2207
2018-10-15T00:00:00,24.2209
2018-10-16T00:00:00,24.2264
2018-10-17T00:00:00,24.2319
2018-10-18T00:00:00,24.2371
2018-10-19T00:00:00,24.2423
2018-10-22T00:00:00,24.2475
2018-10-23T00:00:00,24.2542
2018-10-24T00:00:00,24.2608
2018-10-25T00:00:00,24.2625
2018-10-26T00:00:00,24.2639
2018-10-29T00:00:00,24.2654
2018-10-30T00:00:00,24.2707
2018-10-31T00:00:00,24.2763
2018-11-01T00:00:00,24.2802
2018-11-02T00:00:00,24.2842
2018-11-05T00:00:00,24.2881
2018-11-06T00:00:00,24.3054
2018-11-07T00:00:00,24.3224
2018-11-08T00:00:00,24.3357
2018-11-09T00:00:00,24.3488
2018-11-12T00:00:00,24.3619
2018-11-13T00:00:00,24.3797
2018-11-14T00:00:00,24.3974
2018-11-15T00:00:00,24.4018
2018-11-16T00:00:00,24.4064
2018-11-19T00:00:00,24.4108
2018-11-20T00:00:00,24.4231
2018-11-21T00:00:00,24.4355
2018-11-22T00:00:00,24.4431
2018-11-23T00:00:00,24.451
2018-11-26T00:00:00,24.4587
2018-11-27T00:00:00,24.4666
2018-11-28T00:00:00,24.4742
2018-11-29T00:00:00,24.4742
2018-11-30T00:00:00,24.4742
2018-12-03T00:00:00,24.4742
2018-12-04T00:00:00,24.4786
2018-12-05T00:00:00,24.4828
2018-12-06T00:00:00,24.4871
2018-12-07T00:00:00,24.4913
2018-12-10T00:00:00,24.4956
2018-12-11T00:00:00,24.4999
2018-12-12T00:00:00,24.5041
2018-12-13T00:00:00,24.5041
2018-12-14T00:00:00,24.5041
2018-12-17T00:00:00,24.5041
2018-12-18T00:00:00,24.5045
2018-12-19T00:00:00,24.505
2018-12-20T00:00:00,24.5054
2018-12-21T00:00:00,24.5058
2018-12-26T00:00:00,24.5073
2018-12-27T00:00:00,24.5082
2018-12-28T00:00:00,24.5087
2018-12-31T00:00:00,24.5092
2019-01-02T00:00:00,24.5092
2019-01-03T00:00:00,24.5097
2019-01-04T00:00:00,24.5096
2019-01-07T00:00:00,24.5095
2019-01-08T00:00:00,24.509
2019-01-09T00:00:00,24.5085
2019-01-10T00:00:00,24.508
2019-01-11T00:00:00,24.5074
2019-01-14T00:00:00,24.5069
2019-01-15T00:00:00,24.5069
2019-01-16T00:00:00,24.5069
2019-01-17T00:00:00,24.5069
2019-01-18T00:00:00,24.5069
2019-01-21T00:00:00,24.5069
2019-01-22T00:00:00,24.5069
2019-01-23T00:00:00,24.5069
2019-01-24T00:00:00,24.5069
2019-01-25T00:00:00,24.5069
2019-01-28T00:00:00,24.5069
2019-01-29T00:00:00,24.5069
2019-01-30T00:00:00,24.5069
2019-01-31T00:00:00,24.5069
2019-02-01T00:00:00,24.5121
2019-02-04T00:00:00,24.5173
2019-02-05T00:00:00,24.5226
2019-02-06T00:00:00,24.5278
2019-02-07T00:00:00,24.533
2019-02-08T00:00:00,24.5383
2019-02-11T00:00:00,24.5435
2019-02-12T00:00:00,24.5435
2019-02-13T00:00:00,24.5435
2019-02-14T00:00:00,24.5435
2019-02-15T00:00:00,24.5493
2019-02-18T00:00:00,24.555
2019-02-19T00:00:00,24.5607
2019-02-20T00:00:00,24.5652
2019-02-21T00:00:00,24.5717
2019-02-22T00:00:00,24.5799
2019-02-25T00:00:00,24.5893
2019-02-26T00:00:00,24.5928
2019-02-27T00:00:00,24.5961
2019-02-28T00:00:00,24.5993
2019-03-01T00:00:00,24.6009
2019-03-04T00:00:00,24.6022
2019-03-05T00:00:00,24.5197
2019-03-06T00:00:00,24.598
2019-03-07T00:00:00,24.5918
2019-03-08T00:00:00,24.5904
2019-03-11T00:00:00,24.5886
2019-03-12T00:00:00,24.588
2019-03-13T00:00:00,24.5868
2019-03-14T00:00:00,24.5883
2019-03-15T00:00:00,24.5913
2019-03-18T00:00:00,24.5919
2019-03-19T00:00:00,24.5962
2019-03-20T00:00:00,24.6001
2019-03-21T00:00:00,24.6037
2019-03-22T00:00:00,24.6066
2019-03-25T00:00:00,24.608
2019-03-26T00:00:00,24.6079
2019-03-27T00:00:00,24.6042
2019-03-28T00:00:00,24.604
2019-03-29T00:00:00,24.6026
2019-04-01T00:00:00,24.5982
2019-04-02T00:00:00,24.5902
2019-04-03T00:00:00,24.593
2019-04-04T00:00:00,24.5895
2019-04-05T00:00:00,24.5937
2019-04-08T00:00:00,24.5971
2019-04-09T00:00:00,24.6005
2019-04-10T00:00:00,24.6045
2019-04-11T00:00:00,24.6056
2019-04-12T00:00:00,24.6066
2019-04-22T00:00:00,24.6129
2019-04-23T00:00:00,24.603
2019-04-24T00:00:00,24.618
2019-04-25T00:00:00,24.6132
2019-04-26T00:00:00,24.6185
2019-04-29T00:00:00,24.6164
2019-04-30T00:00:00,24.609
2019-05-02T00:00:00,24.5962
2019-05-03T00:00:00,24.5988
2019-05-06T00:00:00,24.6084
2019-05-07T00:00:00,24.6037
2019-05-08T00:00:00,24.6131
2019-05-09T00:00:00,24.6127
2019-05-10T00:00:00,24.6214
2019-05-13T00:00:00,24.6209
2019-05-14T00:00:00,24.617
2019-05-15T00:00:00,24.6252
2019-05-16T00:00:00,24.6266
2019-05-17T00:00:00,24.6232
2019-05-20T00:00:00,24.631
2019-05-21T00:00:00,24.6357
2019-05-22T00:00:00,24.6376
2019-05-23T00:00:00,24.6411
2019-05-24T00:00:00,24.646
2019-05-27T00:00:00,24.6487
2019-05-28T00:00:00,24.6524
2019-05-29T00:00:00,24.6554
2019-05-30T00:00:00,24.6572
2019-05-31T00:00:00,24.6591
2019-06-03T00:00:00,24.662
2019-06-04T00:00:00,24.6631
2019-06-05T00:00:00,24.6659
2019-06-06T00:00:00,24.6669
2019-06-07T00:00:00,24.6679
2019-06-10T00:00:00,24.6714
2019-06-11T00:00:00,24.6748
2019-06-12T00:00:00,24.6772
2019-06-13T00:00:00,24.6797
2019-06-14T00:00:00,24.6821
2019-06-17T00:00:00,24.6839
2019-06-18T00:00:00,24.6856
2019-06-19T00:00:00,24.6849
2019-06-20T00:00:00,24.6843
2019-06-21T00:00:00,24.6836
2019-06-24T00:00:00,24.6826
2019-06-25T00:00:00,24.6815
2019-06-26T00:00:00,24.6809
2019-06-27T00:00:00,24.6799
2019-06-28T00:00:00,24.6792
2019-07-01T00:00:00,24.6782
2019-07-02T00:00:00,24.6769
2019-07-03T00:00:00,24.673
2019-07-04T00:00:00,24.674
2019-07-05T00:00:00,24.672
2019-07-08T00:00:00,24.6721
2019-07-09T00:00:00,24.6548
2019-07-10T00:00:00,24.661
2019-07-11T00:00:00,24.6517
2019-07-12T00:00:00,24.6611
2019-07-15T00:00:00,24.6618
2019-07-16T00:00:00,24.6564
2019-07-17T00:00:00,24.6685
2019-07-18T00:00:00,24.6573
2019-07-19T00:00:00,24.6695
2019-07-22T00:00:00,24.6764
2019-07-23T00:00:00,24.6786
2019-07-24T00:00:00,24.6813
2019-07-25T00:00:00,24.679
2019-07-26T00:00:00,24.6833
2019-07-29T00:00:00,24.6825
2019-07-30T00:00:00,24.6779
2019-07-31T00:00:00,24.6851
2019-08-01T00:00:00,24.6828
2019-08-02T00:00:00,24.6797
2019-08-05T00:00:00,24.689
2019-08-06T00:00:00,24.6906
2019-08-07T00:00:00,24.693
2019-08-08T00:00:00,24.6945
2019-08-09T00:00:00,24.7005
2019-08-12T00:00:00,24.7068
2019-08-13T00:00:00,24.7119
2019-08-14T00:00:00,24.7051
2019-08-15T00:00:00,24.7108
2019-08-16T00:00:00,24.7158
2019-08-19T00:00:00,24.7197
2019-08-20T00:00:00,24.7162
2019-08-21T00:00:00,24.7262
2019-08-22T00:00:00,24.7273
2019-08-23T00:00:00,24.7278
2019-08-26T00:00:00,24.7312
2019-08-27T00:00:00,24.7334
2019-08-28T00:00:00,24.7334
2019-08-29T00:00:00,24.7339
2019-08-30T00:00:00,24.7434
2019-09-02T00:00:00,24.7508
2019-09-03T00:00:00,24.7407
2019-09-04T00:00:00,24.7565
2019-09-05T00:00:00,24.7512
2019-09-06T00:00:00,24.7613
2019-09-09T00:00:00,24.7669
2019-09-10T00:00:00,24.7654
2019-09-11T00:00:00,24.7755
2019-09-12T00:00:00,24.7746
2019-09-13T00:00:00,24.7908
2019-09-17T00:00:00,24.7924
2019-09-18T00:00:00,24.7868
2019-09-19T00:00:00,24.7919
2019-09-20T00:00:00,24.7942
2019-09-23T00:00:00,24.8017
2019-09-24T00:00:00,24.7935
2019-09-25T00:00:00,24.7927
2019-09-26T00:00:00,24.7965
2019-09-27T00:00:00,24.7954
2019-10-07T00:00:00,24.798
2019-10-08T00:00:00,24.7468
2019-10-09T00:00:00,24.8011
2019-10-10T00:00:00,24.8026
2019-10-11T00:00:00,24.8015
2019-10-14T00:00:00,24.8038
2019-10-15T00:00:00,24.8007
2019-10-16T00:00:00,24.8155
2019-10-17T00:00:00,24.8132
2019-10-18T00:00:00,24.8213
2019-10-21T00:00:00,24.8221
2019-10-22T00:00:00,24.8236
2019-10-23T00:00:00,24.8222
2019-10-24T00:00:00,24.8238
2019-10-25T00:00:00,24.8133
2019-10-28T00:00:00,24.8193
2019-10-29T00:00:00,24.7931
2019-10-30T00:00:00,24.8088
2019-10-31T00:00:00,24.8102
2019-11-01T00:00:00,24.8072
2019-11-04T00:00:00,24.8023
2019-11-05T00:00:00,24.798
2019-11-06T00:00:00,24.7956
2019-11-07T00:00:00,24.8113
2019-11-08T00:00:00,24.8105
2019-11-11T00:00:00,24.8116
2019-11-12T00:00:00,24.8139
2019-11-13T00:00:00,24.8134
2019-11-14T00:00:00,24.8132
2019-11-15T00:00:00,24.8075
2019-11-18T00:00:00,24.8102
2019-11-19T00:00:00,24.7973
2019-11-20T00:00:00,24.8017
2019-11-21T00:00:00,24.8067
2019-11-22T00:00:00,24.8119
2019-11-25T00:00:00,24.8178
2019-11-26T00:00:00,24.8119
2019-11-27T00:00:00,24.8097
2019-11-28T00:00:00,24.8206
2019-11-29T00:00:00,24.8229
2019-12-02T00:00:00,24.8145
2019-12-03T00:00:00,24.8046
2019-12-04T00:00:00,24.8086
2019-12-05T00:00:00,24.815
2019-12-06T00:00:00,24.8201
2019-12-09T00:00:00,24.8209
2019-12-10T00:00:00,24.8137
2019-12-11T00:00:00,24.8185
2019-12-12T00:00:00,24.8218
2019-12-13T00:00:00,24.8202
2019-12-16T00:00:00,24.8213
2019-12-17T00:00:00,24.8296
2019-12-18T00:00:00,24.8249
2019-12-19T00:00:00,24.8258
2019-12-20T00:00:00,24.8288
2019-12-23T00:00:00,24.8203
2019-12-24T00:00:00,24.8158
2019-12-26T00:00:00,24.8159
2019-12-27T00:00:00,24.8148
2019-12-30T00:00:00,24.8139
2019-12-31T00:00:00,24.8074
2020-01-02T00:00:00,24.8074
2020-01-03T00:00:00,24.7899
2020-01-06T00:00:00,24.8125
2020-01-07T00:00:00,24.8127
2020-01-08T00:00:00,24.8211
2020-01-09T00:00:00,24.8243
2020-01-10T00:00:00,24.8261
2020-01-13T00:00:00,24.8274
2020-01-14T00:00:00,24.8274
2020-01-15T00:00:00,24.8267
2020-01-16T00:00:00,24.8259
2020-01-17T00:00:00,24.8255
2020-01-20T00:00:00,24.8253
2020-01-21T00:00:00,24.8257
2020-01-22T00:00:00,24.8265
2020-01-23T00:00:00,24.8273
2020-01-24T00:00:00,24.8275
2020-01-27T00:00:00,24.8273
2020-01-28T00:00:00,24.8266
2020-01-29T00:00:00,24.8252
2020-01-30T00:00:00,24.8238
2020-01-31T00:00:00,24.8237
2020-02-03T00:00:00,24.8237
2020-02-04T00:00:00,24.8245
2020-02-05T00:00:00,24.826
2020-02-06T00:00:00,24.8274
2020-02-07T00:00:00,24.8299
2020-02-10T00:00:00,24.8328
2020-02-11T00:00:00,24.8351
2020-02-12T00:00:00,24.8362
2020-02-13T00:00:00,24.8389
2020-02-14T00:00:00,24.8416
2020-02-17T00:00:00,24.8452
2020-02-18T00:00:00,24.8473
2020-02-19T00:00:00,24.8484
2020-02-20T00:00:00,24.8515
2020-02-21T00:00:00,24.8551
2020-02-24T00:00:00,24.8586
2020-02-25T00:00:00,24.8611
2020-02-26T00:00:00,24.864
2020-02-27T00:00:00,24.8655
2020-02-28T00:00:00,24.8695
2020-03-02T00:00:00,24.8728
2020-03-03T00:00:00,24.8754
2020-03-04T00:00:00,24.8765
2020-03-05T00:00:00,24.8802
2020-03-06T00:00:00,24.8837
2020-03-09T00:00:00,24.8888
2020-03-10T00:00:00,24.8878
2020-03-11T00:00:00,24.8827
2020-03-12T00:00:00,24.8873
2020-03-13T00:00:00,24.889
2020-03-16T00:00:00,24.8879
2020-03-17T00:00:00,24.8838
2020-03-18T00:00:00,24.8838
2020-03-19T00:00:00,24.8764
2020-03-20T00:00:00,24.875
2020-03-23T00:00:00,24.8788
2020-03-24T00:00:00,24.8847
2020-03-25T00:00:00,24.8909
2020-03-26T00:00:00,24.898
2020-03-27T00:00:00,24.9082
2020-03-30T00:00:00,24.922
2020-03-31T00:00:00,24.9273
2020-04-01T00:00:00,24.9285
2020-04-02T00:00:00,24.9411
2020-04-03T00:00:00,24.9381
2020-04-06T00:00:00,24.9699
2020-04-07T00:00:00,24.9685
2020-04-08T00:00:00,24.967
2020-04-09T00:00:00,24.9804
2020-04-10T00:00:00,24.9804
2020-04-13T00:00:00,24.9804
2020-04-14T00:00:00,24.9835
2020-04-15T00:00:00,24.9836
2020-04-16T00:00:00,24.9878
2020-04-17T00:00:00,24.99
2020-04-20T00:00:00,24.9948
2020-04-21T00:00:00,24.9938
2020-04-22T00:00:00,24.9945
2020-04-23T00:00:00,24.9954
2020-04-24T00:00:00,24.995
2020-04-27T00:00:00,24.9942
2020-04-28T00:00:00,24.994
2020-04-29T00:00:00,24.9937
2020-04-30T00:00:00,24.9933
2020-05-01T00:00:00,24.9929
2020-05-04T00:00:00,24.9931
2020-05-05T00:00:00,24.9945
2020-05-06T00:00:00,24.9979
2020-05-07T00:00:00,25.0022
2020-05-08T00:00:00,25.0044
2020-05-11T00:00:00,25.0072
2020-05-12T00:00:00,25.0078
2020-05-13T00:00:00,25.0069
2020-05-14T00:00:00,25.0032
2020-05-15T00:00:00,25.002
2020-05-18T00:00:00,25.0054
2020-05-19T00:00:00,25.0054
2020-05-20T00:00:00,25.0054
2020-05-21T00:00:00,25.0064
2020-05-22T00:00:00,25.0074
2020-05-25T00:00:00,25.0083
2020-05-26T00:00:00,25.0089
2020-05-27T00:00:00,25.0095
2020-05-28T00:00:00,25.0095
2020-05-29T00:00:00,25.0092
2020-06-01T00:00:00,25.0089
2020-06-02T00:00:00,25.0061
2020-06-03T00:00:00,25.0033
2020-06-04T00:00:00,24.9971
2020-06-05T00:00:00,24.9965
2020-06-08T00:00:00,24.9921
2020-06-09T00:00:00,24.9851
2020-06-10T00:00:00,24.9791
2020-06-11T00:00:00,24.974
2020-06-12T00:00:00,24.9729
2020-06-15T00:00:00,24.964
2020-06-16T00:00:00,24.9553
2020-06-17T00:00:00,24.9468
2020-06-18T00:00:00,24.9322
2020-06-19T00:00:00,24.9201
2020-06-22T00:00:00,24.9074
2020-06-23T00:00:00,24.9002
2020-06-24T00:00:00,24.8856
2020-06-25T00:00:00,24.8844
2020-06-26T00:00:00,24.8865
2020-06-29T00:00:00,24.8901
2020-06-30T00:00:00,24.8879
2020-07-01T00:00:00,24.881
2020-07-02T00:00:00,24.8831
2020-07-03T00:00:00,24.8793
2020-07-06T00:00:00,24.8766
2020-07-07T00:00:00,24.8737
2020-07-08T00:00:00,24.8741
2020-07-09T00:00:00,24.8658
2020-07-10T00:00:00,24.8697
2020-07-13T00:00:00,24.8635
2020-07-14T00:00:00,24.8603
2020-07-15T00:00:00,24.8526
2020-07-16T00:00:00,24.8458
2020-07-17T00:00:00,24.8456
2020-07-20T00:00:00,24.842
2020-07-21T00:00:00,24.8397
2020-07-22T00:00:00,24.8423
2020-07-23T00:00:00,24.8426
2020-07-24T00:00:00,24.8402
2020-07-27T00:00:00,24.8377
2020-07-28T00:00:00,24.8302
2020-07-29T00:00:00,24.8214
2020-07-30T00:00:00,24.8153
2020-07-31T00:00:00,24.8075
2020-08-03T00:00:00,24.7992
2020-08-04T00:00:00,24.787
2020-08-05T00:00:00,24.7736
2020-08-06T00:00:00,24.7595
2020-08-07T00:00:00,24.7478
2020-08-10T00:00:00,24.734
2020-08-11T00:00:00,24.7228
2020-08-12T00:00:00,24.7058
2020-08-13T00:00:00,24.6978
2020-08-14T00:00:00,24.6956
2020-08-17T00:00:00,24.6863
2020-08-18T00:00:00,24.6839
2020-08-19T00:00:00,24.6731
2020-08-20T00:00:00,24.6741
2020-08-21T00:00:00,24.6864
2020-08-24T00:00:00,24.6941
2020-08-25T00:00:00,24.6923
2020-08-26T00:00:00,24.6921
2020-08-27T00:00:00,24.6912
2020-08-28T00:00:00,24.6878
2020-08-31T00:00:00,24.6846
2020-09-01T00:00:00,24.6808
2020-09-02T00:00:00,24.6761
2020-09-03T00:00:00,24.6747
2020-09-04T00:00:00,24.674
2020-09-07T00:00:00,24.6738
2020-09-08T00:00:00,24.6715
2020-09-09T00:00:00,24.6679
2020-09-10T00:00:00,24.6644
2020-09-11T00:00:00,24.6603
2020-09-14T00:00:00,24.6571
2020-09-16T00:00:00,24.6537
2020-09-17T00:00:00,24.6477
2020-09-18T00:00:00,24.6472
2020-09-21T00:00:00,24.6471
2020-09-22T00:00:00,24.647
2020-09-23T00:00:00,24.6435
2020-09-24T00:00:00,24.6397
2020-09-25T00:00:00,24.6353
2020-09-28T00:00:00,24.6304
2020-09-29T00:00:00,24.6257
2020-09-30T00:00:00,24.6193
2020-10-01T00:00:00,24.6149
2020-10-02T00:00:00,24.6126
2020-10-05T00:00:00,24.6111
2020-10-06T00:00:00,24.6084
2020-10-07T00:00:00,24.601
2020-10-08T00:00:00,24.5997
2020-10-09T00:00:00,24.5998
2020-10-12T00:00:00,24.6041
2020-10-13T00:00:00,24.5996
2020-10-14T00:00:00,24.5997
2020-10-15T00:00:00,24.5931
2020-10-16T00:00:00,24.5826
2020-10-19T00:00:00,24.5742
2020-10-20T00:00:00,24.5641
2020-10-21T00:00:00,24.5514
2020-10-22T00:00:00,24.5386
2020-10-23T00:00:00,24.5322
2020-10-26T00:00:00,24.5227
2020-10-27T00:00:00,24.5134
2020-10-28T00:00:00,24.498
2020-10-29T00:00:00,24.4953
2020-10-30T00:00:00,24.4976
2020-11-02T00:00:00,24.4972
2020-11-03T00:00:00,24.4878
2020-11-04T00:00:00,24.4785
2020-11-05T00:00:00,24.4776
2020-11-06T00:00:00,24.476
2020-11-09T00:00:00,24.483
2020-11-10T00:00:00,24.4854
2020-11-11T00:00:00,24.4742
2020-11-12T00:00:00,24.4726
2020-11-13T00:00:00,24.4772
2020-11-16T00:00:00,24.4801
2020-11-17T00:00:00,24.4744
2020-11-18T00:00:00,24.4697
2020-11-19T00:00:00,24.4473
2020-11-20T00:00:00,24.4456
2020-11-23T00:00:00,24.4358
2020-11-24T00:00:00,24.4244
2020-11-25T00:00:00,24.4091
2020-11-26T00:00:00,24.3945
2020-11-27T00:00:00,24.3834
2020-11-30T00:00:00,24.3853
2020-12-01T00:00:00,24.3739
2020-12-02T00:00:00,24.3702
2020-12-03T00:00:00,24.3583
2020-12-04T00:00:00,24.36
2020-12-07T00:00:00,24.3527
2020-12-08T00:00:00,24.3548
2020-12-09T00:00:00,24.3412
2020-12-10T00:00:00,24.3354
2020-12-11T00:00:00,24.3251
2020-12-14T00:00:00,24.3224
2020-12-15T00:00:00,24.32
2020-12-16T00:00:00,24.3176
2020-12-17T00:00:00,24.3125
2020-12-18T00:00:00,24.3014
2020-12-21T00:00:00,24.294
2020-12-22T00:00:00,24.2916
2020-12-23T00:00:00,24.2825
2020-12-24T00:00:00,24.2718
2020-12-28T00:00:00,24.2722
2020-12-29T00:00:00,24.2683
2020-12-30T00:00:00,24.2809
2020-12-31T00:00:00,24.2829
2021-01-04T00:00:00,24.2829
2021-01-05T00:00:00,24.2777
2021-01-06T00:00:00,24.2713
2021-01-07T00:00:00,24.2664
2021-01-08T00:00:00,24.2596
2021-01-11T00:00:00,24.2717
2021-01-12T00:00:00,24.2677
2021-01-13T00:00:00,24.2718
2021-01-14T00:00:00,24.2739
2021-01-15T00:00:00,24.2744
2021-01-18T00:00:00,24.2742
2021-01-19T00:00:00,24.2653
2021-01-20T00:00:00,24.2551
2021-01-21T00:00:00,24.2548
2021-01-22T00:00:00,24.2585
2021-01-25T00:00:00,24.2601
2021-01-26T00:00:00,24.2541
2021-01-27T00:00:00,24.2526
2021-01-28T00:00:00,24.252
2021-01-29T00:00:00,24.2562
2021-02-01T00:00:00,24.2636
2021-02-02T00:00:00,24.2514
2021-02-03T00:00:00,24.2474
2021-02-04T00:00:00,24.2453
2021-02-05T00:00:00,24.2458
2021-02-08T00:00:00,24.247
2021-02-09T00:00:00,24.2418
2021-02-10T00:00:00,24.2403
2021-02-11T00:00:00,24.2369
2021-02-12T00:00:00,24.2332
2021-02-15T00:00:00,24.2463
2021-02-16T00:00:00,24.2393
2021-02-17T00:00:00,24.2355
2021-02-18T00:00:00,24.246
2021-02-19T00:00:00,24.2475
2021-02-22T00:00:00,24.2546
2021-02-23T00:00:00,24.2474
2021-02-24T00:00:00,24.2366
2021-02-25T00:00:00,24.2402
2021-02-26T00:00:00,24.2473
2021-03-01T00:00:00,24.2413
2021-03-02T00:00:00,24.2303
2021-03-03T00:00:00,24.218
2021-03-04T00:00:00,24.2044
2021-03-05T00:00:00,24.2018
2021-03-08T00:00:00,24.1997
2021-03-09T00:00:00,24.1947
2021-03-10T00:00:00,24.1805
2021-03-11T00:00:00,24.1816
2021-03-12T00:00:00,24.1881
2021-03-15T00:00:00,24.192
2021-03-16T00:00:00,24.1827
2021-03-17T00:00:00,24.1816
2021-03-18T00:00:00,24.1843
2021-03-19T00:00:00,24.1951
2021-03-22T00:00:00,24.2062
2021-03-23T00:00:00,24.1943
2021-03-24T00:00:00,24.1849
2021-03-25T00:00:00,24.1851
2021-03-26T00:00:00,24.1949
2021-03-29T00:00:00,24.2023
2021-03-30T00:00:00,24.1957
2021-04-05T00:00:00,24.188
2021-04-06T00:00:00,24.191
2021-04-07T00:00:00,24.1877
2021-04-08T00:00:00,24.1847
2021-04-09T00:00:00,24.1808
2021-04-12T00:00:00,24.1878
2021-04-13T00:00:00,24.1864
2021-04-14T00:00:00,24.1814
2021-04-15T00:00:00,24.1795
2021-04-16T00:00:00,24.1848
2021-04-20T00:00:00,24.191
2021-04-21T00:00:00,24.1902
2021-04-22T00:00:00,24.1827
2021-04-23T00:00:00,24.1814
2021-04-26T00:00:00,24.178
2021-04-27T00:00:00,24.1734
2021-04-28T00:00:00,24.1701
2021-04-29T00:00:00,24.1692
2021-04-30T00:00:00,24.1675
2021-05-03T00:00:00,24.1667
2021-05-04T00:00:00,24.1619
2021-05-05T00:00:00,24.1584
2021-05-06T00:00:00,24.1576
2021-05-07T00:00:00,24.1614
2021-05-10T00:00:00,24.1704
2021-05-11T00:00:00,24.1568
2021-05-12T00:00:00,24.1437
2021-05-13T00:00:00,24.1434
2021-05-14T00:00:00,24.1483
2021-05-17T00:00:00,24.1591
2021-05-18T00:00:00,24.1548
2021-05-19T00:00:00,24.1453
2021-05-20T00:00:00,24.1562
2021-05-21T00:00:00,24.1731
2021-05-24T00:00:00,24.1847
2021-05-25T00:00:00,24.1861
2021-05-26T00:00:00,24.1738
2021-05-27T00:00:00,24.1869
2021-05-28T00:00:00,24.198
2021-05-31T00:00:00,24.2055
2021-06-01T00:00:00,24.2009
2021-06-02T00:00:00,24.1902
2021-06-03T00:00:00,24.1877
2021-06-04T00:00:00,24.1926
2021-06-07T00:00:00,24.1998
2021-06-08T00:00:00,24.1912
2021-06-09T00:00:00,24.1828
2021-06-10T00:00:00,24.1766
2021-06-11T00:00:00,24.1704
2021-06-14T00:00:00,24.1685
2021-06-15T00:00:00,24.1571
2021-06-16T00:00:00,24.1396
2021-06-17T00:00:00,24.1224
2021-06-18T00:00:00,24.111
2021-06-21T00:00:00,24.1114
2021-06-22T00:00:00,24.09
2021-06-23T00:00:00,24.0667
2021-06-24T00:00:00,24.0546
2021-06-25T00:00:00,24.0587
2021-06-28T00:00:00,24.059
2021-06-29T00:00:00,24.0463
2021-06-30T00:00:00,24.0322
2021-07-01T00:00:00,24.0167
2021-07-02T00:00:00,24.0004
2021-07-05T00:00:00,23.9841
2021-07-06T00:00:00,23.9692
2021-07-07T00:00:00,23.9509
2021-07-08T00:00:00,23.9428
2021-07-09T00:00:00,23.9551
2021-07-12T00:00:00,23.9776
2021-07-13T00:00:00,23.9543
2021-07-14T00:00:00,23.9362
2021-07-15T00:00:00,23.9324
2021-07-16T00:00:00,23.9268
2021-07-19T00:00:00,23.9257
2021-07-20T00:00:00,23.9102
2021-07-21T00:00:00,23.887
2021-07-22T00:00:00,23.8814
2021-07-23T00:00:00,23.881
2021-07-26T00:00:00,23.9033
2021-07-27T00:00:00,23.8956
2021-07-28T00:00:00,23.8811
2021-07-29T00:00:00,23.8815
2021-07-30T00:00:00,23.8873
2021-08-02T00:00:00,23.9036
2021-08-03T00:00:00,23.8971
2021-08-04T00:00:00,23.8909
2021-08-05T00:00:00,23.8882
2021-08-06T00:00:00,23.8905
2021-08-09T00:00:00,23.8922
2021-08-10T00:00:00,23.8895
2021-08-11T00:00:00,23.89
2021-08-12T00:00:00,23.891
2021-08-13T00:00:00,23.8965
2021-08-16T00:00:00,23.9033
2021-08-17T00:00:00,23.9046
2021-08-18T00:00:00,23.9045
2021-08-19T00:00:00,23.9077
2021-08-20T00:00:00,23.9204
2021-08-23T00:00:00,23.9358
2021-08-24T00:00:00,23.9436
2021-08-25T00:00:00,23.9603
2021-08-26T00:00:00,23.9749
2021-08-27T00:00:00,23.9942
2021-08-30T00:00:00,24.0327
2021-08-31T00:00:00,24.0656
2021-09-01T00:00:00,24.0951
2021-09-02T00:00:00,24.1221
2021-09-03T00:00:00,24.1438
2021-09-06T00:00:00,24.1819
2021-09-07T00:00:00,24.1978
2021-09-08T00:00:00,24.2103
2021-09-09T00:00:00,24.2308
2021-09-10T00:00:00,24.25
2021-09-13T00:00:00,24.2584
2021-09-14T00:00:00,24.2629
2021-09-16T00:00:00,24.265
2021-09-17T00:00:00,24.2644
2021-09-20T00:00:00,24.2627
2021-09-21T00:00:00,24.2603
2021-09-22T00:00:00,24.257
2021-09-23T00:00:00,24.2542
2021-09-24T00:00:00,24.2522
2021-09-27T00:00:00,24.2512
2021-09-28T00:00:00,24.2505
2021-09-29T00:00:00,24.2499
2021-09-30T00:00:00,24.2499
2021-10-01T00:00:00,24.2501
2021-10-04T00:00:00,24.2507
2021-10-05T00:00:00,24.252
2021-10-11T00:00:00,24.2536
2021-10-12T00:00:00,24.2547
2021-10-13T00:00:00,24.2537
2021-10-14T00:00:00,24.2548
2021-10-15T00:00:00,24.2552
2021-10-18T00:00:00,24.258
2021-10-19T00:00:00,24.2523
2021-10-20T00:00:00,24.2387
2021-10-21T00:00:00,24.247
2021-10-22T00:00:00,24.2553
2021-10-25T00:00:00,24.2608
2021-10-26T00:00:00,24.2644
2021-10-27T00:00:00,24.2676
2021-10-28T00:00:00,24.2707
2021-10-29T00:00:00,24.2729
2021-11-01T00:00:00,24.2744
2021-11-02T00:00:00,24.2747
2021-11-03T00:00:00,24.2741
2021-11-04T00:00:00,24.2731
2021-11-05T00:00:00,24.2717
2021-11-08T00:00:00,24.2707
2021-11-09T00:00:00,24.27
2021-11-10T00:00:00,24.2691
2021-11-11T00:00:00,24.2692
2021-11-12T00:00:00,24.2698
2021-11-15T00:00:00,24.2704
2021-11-16T00:00:00,24.2711
2021-11-17T00:00:00,24.2722
2021-11-18T00:00:00,24.2741
2021-11-19T00:00:00,24.2757
2021-11-22T00:00:00,24.2768
2021-11-23T00:00:00,24.2776
2021-11-24T00:00:00,24.2789
2021-11-25T00:00:00,24.2819
2021-11-26T00:00:00,24.2839
2021-11-29T00:00:00,24.2924
2021-11-30T00:00:00,24.2924
2021-12-01T00:00:00,24.2979
2021-12-02T00:00:00,24.3096
2021-12-03T00:00:00,24.3162
2021-12-06T00:00:00,24.3308
2021-12-07T00:00:00,24.3393
2021-12-08T00:00:00,24.3521
2021-12-09T00:00:00,24.3591
2021-12-10T00:00:00,24.3735
2021-12-13T00:00:00,24.3831
2021-12-14T00:00:00,24.3921
2021-12-15T00:00:00,24.4016
2021-12-16T00:00:00,24.4286
2021-12-17T00:00:00,24.4416
2021-12-20T00:00:00,24.4625
2021-12-21T00:00:00,24.4717
2021-12-22T00:00:00,24.473
2021-12-23T00:00:00,24.4717
2021-12-24T00:00:00,24.4755
2021-12-27T00:00:00,24.4723
2021-12-28T00:00:00,24.4728
2021-12-29T00:00:00,24.4796
2021-12-30T00:00:00,24.4926
2021-12-31T00:00:00,24.5158
2022-01-03T00:00:00,24.5158
2022-01-04T00:00:00,24.5192
2022-01-05T00:00:00,24.5265
2022-01-06T00:00:00,24.536
2022-01-07T00:00:00,24.5565
2022-01-10T00:00:00,24.567
2022-01-11T00:00:00,24.5839
2022-01-12T00:00:00,24.5943
2022-01-13T00:00:00,24.5989
2022-01-14T00:00:00,24.6029
2022-01-17T00:00:00,24.612
2022-01-18T00:00:00,24.6195
2022-01-19T00:00:00,24.6269
2022-01-20T00:00:00,24.6313
2022-01-21T00:00:00,24.6347
2022-01-24T00:00:00,24.6379
2022-01-25T00:00:00,24.6411
2022-01-26T00:00:00,24.6452
2022-01-27T00:00:00,24.6469
2022-01-28T00:00:00,24.6486
2022-01-31T00:00:00,24.6505
2022-02-01T00:00:00,24.6515
2022-02-02T00:00:00,24.6512
2022-02-03T00:00:00,24.6527
2022-02-04T00:00:00,24.6545
2022-02-07T00:00:00,24.6563
2022-02-08T00:00:00,24.6583
2022-02-09T00:00:00,24.6602
2022-02-10T00:00:00,24.6617
2022-02-11T00:00:00,24.6633
2022-02-14T00:00:00,24.6647
2022-02-15T00:00:00,24.6661
2022-02-16T00:00:00,24.6676
2022-02-17T00:00:00,24.6679
2022-02-18T00:00:00,24.6683
2022-02-21T00:00:00,24.6684
2022-02-22T00:00:00,24.6684
2022-02-23T00:00:00,24.6683
2022-02-24T00:00:00,24.6682
2022-02-25T00:00:00,24.6681
2022-02-28T00:00:00,24.668
2022-03-01T00:00:00,24.6677
2022-03-02T00:00:00,24.6674
2022-03-03T00:00:00,24.6673
2022-03-04T00:00:00,24.6671
2022-03-07T00:00:00,24.6671
2022-03-08T00:00:00,24.5196
2022-03-09T00:00:00,24.5167
2022-03-10T00:00:00,24.5136
2022-03-11T00:00:00,24.5105
2022-03-14T00:00:00,24.5101
2022-03-15T00:00:00,24.5097
2022-03-16T00:00:00,24.508
2022-03-17T00:00:00,24.5062
2022-03-18T00:00:00,24.5087
2022-03-21T00:00:00,24.5111
2022-03-22T00:00:00,24.5137
2022-03-23T00:00:00,24.5137
2022-03-24T00:00:00,24.5137
2022-03-25T00:00:00,24.5137
2022-03-28T00:00:00,24.5131
2022-03-29T00:00:00,24.5124
2022-03-30T00:00:00,24.5118
2022-03-31T00:00:00,24.511
2022-04-01T00:00:00,24.5102
2022-04-04T00:00:00,24.5093
2022-04-05T00:00:00,24.5084
2022-04-06T00:00:00,24.5081
2022-04-07T00:00:00,24.5079
2022-04-08T00:00:00,24.5077
2022-04-11T00:00:00,24.507
2022-04-12T00:00:00,24.5062
2022-04-18T00:00:00,24.5054
2022-04-19T00:00:00,24.5047
2022-04-20T00:00:00,24.5041
2022-04-21T00:00:00,24.5047
2022-04-22T00:00:00,24.5054
2022-04-25T00:00:00,24.5068
2022-04-26T00:00:00,24.5076
2022-04-27T00:00:00,24.5094
2022-04-28T00:00:00,24.5117
2022-04-29T00:00:00,24.514
2022-05-03T00:00:00,24.5151
2022-05-04T00:00:00,24.5142
2022-05-05T00:00:00,24.5174
2022-05-06T00:00:00,24.5222
2022-05-09T00:00:00,24.527
2022-05-10T00:00:00,24.5309
2022-05-11T00:00:00,24.535
2022-05-12T00:00:00,24.5391
2022-05-13T00:00:00,24.5442
2022-05-16T00:00:00,24.5497
2022-05-17T00:00:00,24.5515
2022-05-18T00:00:00,24.5532
2022-05-19T00:00:00,24.5548
2022-05-20T00:00:00,24.5583
2022-05-23T00:00:00,24.5617
2022-05-24T00:00:00,24.5642
2022-05-25T00:00:00,24.5666
2022-05-26T00:00:00,24.5689
2022-05-27T00:00:00,24.5698
2022-05-30T00:00:00,24.5706
2022-05-31T00:00:00,24.5696
2022-06-01T00:00:00,24.5685
2022-06-02T00:00:00,24.5672
2022-06-03T00:00:00,24.5647
2022-06-06T00:00:00,24.5621
2022-06-07T00:00:00,24.5607
2022-06-08T00:00:00,24.5594
2022-06-09T00:00:00,24.5579
2022-06-10T00:00:00,24.5567
2022-06-13T00:00:00,24.5555
2022-06-14T00:00:00,24.5554
2022-06-15T00:00:00,24.5554
2022-06-16T00:00:00,24.5554
2022-06-17T00:00:00,24.5569
2022-06-20T00:00:00,24.5587
2022-06-21T00:00:00,24.5602
2022-06-22T00:00:00,24.5617
2022-06-23T00:00:00,24.5634
2022-06-24T00:00:00,24.5681
2022-06-27T00:00:00,24.5728
2022-06-28T00:00:00,24.5762
2022-06-29T00:00:00,24.5798
2022-06-30T00:00:00,24.5833
2022-07-01T00:00:00,24.5859
2022-07-04T00:00:00,24.5887
2022-07-05T00:00:00,24.5885
2022-07-06T00:00:00,24.5882
2022-07-07T00:00:00,24.5878
2022-07-08T00:00:00,24.588
2022-07-11T00:00:00,24.5882
2022-07-12T00:00:00,24.5891
2022-07-13T00:00:00,24.59
2022-07-14T00:00:00,24.5909
2022-07-15T00:00:00,24.5951
2022-07-18T00:00:00,24.5995
2022-07-19T00:00:00,24.6031
2022-07-20T00:00:00,24.6069
2022-07-21T00:00:00,24.6108
2022-07-22T00:00:00,24.6163
2022-07-25T00:00:00,24.6221
2022-07-26T00:00:00,24.6245
2022-07-27T00:00:00,24.627
2022-07-28T00:00:00,24.6294
2022-07-29T00:00:00,24.6299
2022-08-01T00:00:00,24.5813
2022-08-02T00:00:00,24.58
2022-08-03T00:00:00,24.5784
2022-08-04T00:00:00,24.5768
2022-08-05T00:00:00,24.5753
2022-08-08T00:00:00,24.5738
2022-08-09T00:00:00,24.574
2022-08-10T00:00:00,24.5742
2022-08-11T00:00:00,24.5744
2022-08-12T00:00:00,24.5747
2022-08-15T00:00:00,24.575
2022-08-16T00:00:00,24.5749
2022-08-17T00:00:00,24.575
2022-08-18T00:00:00,24.575
2022-08-19T00:00:00,24.5751
2022-08-22T00:00:00,24.5752
2022-08-23T00:00:00,24.5752
2022-08-24T00:00:00,24.5752
2022-08-25T00:00:00,24.5752
2022-08-26T00:00:00,24.5837
2022-08-29T00:00:00,24.5926
2022-08-30T00:00:00,24.6016
2022-08-31T00:00:00,24.611
2022-09-01T00:00:00,24.6206
2022-09-02T00:00:00,24.6363
2022-09-05T00:00:00,24.6525
2022-09-06T00:00:00,24.6607
2022-09-07T00:00:00,24.6686
2022-09-08T00:00:00,24.6767
2022-09-09T00:00:00,24.6891
2022-09-12T00:00:00,24.7018
2022-09-13T00:00:00,24.7085
2022-09-14T00:00:00,24.7151
2022-09-16T00:00:00,24.7213
2022-09-19T00:00:00,24.7297
2022-09-20T00:00:00,24.7383
2022-09-21T00:00:00,24.7424
2022-09-22T00:00:00,24.7462
2022-09-23T00:00:00,24.7497
2022-09-26T00:00:00,24.7534
2022-09-27T00:00:00,24.7568
2022-09-28T00:00:00,24.7578
2022-09-29T00:00:00,24.7586
2022-09-30T00:00:00,24.7591
2022-10-03T00:00:00,24.7645
2022-10-04T00:00:00,24.7697
2022-10-05T00:00:00,24.7753
2022-10-06T00:00:00,24.7753
2022-10-07T00:00:00,24.7753
2022-10-10T00:00:00,24.7753
2022-10-11T00:00:00,24.7807
2022-10-12T00:00:00,24.7863
2022-10-13T00:00:00,24.7931
2022-10-14T00:00:00,24.8001
2022-10-17T00:00:00,24.8024
2022-10-18T00:00:00,24.8046
2022-10-19T00:00:00,24.8067
2022-10-20T00:00:00,24.809
2022-10-21T00:00:00,24.8113
2022-10-24T00:00:00,24.8123
2022-10-25T00:00:00,24.8132
2022-10-26T00:00:00,24.814
2022-10-27T00:00:00,24.814
2022-10-28T00:00:00,24.8139
2022-10-31T00:00:00,24.8135
2022-11-01T00:00:00,24.8127
2022-11-02T00:00:00,24.8121
2022-11-03T00:00:00,24.8098
2022-11-04T00:00:00,24.8073
2022-11-07T00:00:00,24.8053
2022-11-08T00:00:00,24.8034
2022-11-09T00:00:00,24.8012
2022-11-10T00:00:00,24.7999
2022-11-11T00:00:00,24.7984
2022-11-14T00:00:00,24.7986
2022-11-15T00:00:00,24.7989
2022-11-16T00:00:00,24.7993
2022-11-17T00:00:00,24.797
2022-11-18T00:00:00,24.7946
2022-11-21T00:00:00,24.7914
2022-11-22T00:00:00,24.7883
2022-11-23T00:00:00,24.7852
2022-11-24T00:00:00,24.7774
2022-11-25T00:00:00,24.7692
2022-11-28T00:00:00,24.7638
2022-11-29T00:00:00,24.7582
2022-11-30T00:00:00,24.7525
2022-12-01T00:00:00,24.7479
2022-12-02T00:00:00,24.7433
2022-12-05T00:00:00,24.7432
2022-12-06T00:00:00,24.7433
2022-12-07T00:00:00,24.7437
2022-12-08T00:00:00,24.7425
2022-12-09T00:00:00,24.7414
2022-12-12T00:00:00,24.7393
2022-12-13T00:00:00,24.7373
2022-12-14T00:00:00,24.7354
2022-12-15T00:00:00,24.7329
2022-12-16T00:00:00,24.7303
2022-12-19T00:00:00,24.7295
2022-12-20T00:00:00,24.7286
2022-12-21T00:00:00,24.7278
2022-12-22T00:00:00,24.7263
2022-12-23T00:00:00,24.7249
2022-12-27T00:00:00,24.724
2022-12-28T00:00:00,24.723
2022-12-29T00:00:00,24.7221
2022-12-30T00:00:00,24.7208
2023-01-03T00:00:00,24.7208
2023-01-04T00:00:00,24.7195
2023-01-05T00:00:00,24.7189
2023-01-06T00:00:00,24.7184
2023-01-09T00:00:00,24.7178
2023-01-10T00:00:00,24.717
2023-01-11T00:00:00,24.7161
2023-01-12T00:00:00,24.7157
2023-01-13T00:00:00,24.7153
2023-01-16T00:00:00,24.715
2023-01-17T00:00:00,24.7134
2023-01-18T00:00:00,24.7116
2023-01-19T00:00:00,24.7101
2023-01-20T00:00:00,24.7087
2023-01-23T00:00:00,24.7073
2023-01-24T00:00:00,24.7026
2023-01-25T00:00:00,24.6977
2023-01-26T00:00:00,24.694
2023-01-27T00:00:00,24.6902
2023-01-30T00:00:00,24.6864
2023-01-31T00:00:00,24.6824
2023-02-01T00:00:00,24.6783
2023-02-02T00:00:00,24.6774
2023-02-03T00:00:00,24.6766
2023-02-06T00:00:00,24.6759
2023-02-07T00:00:00,24.6747
2023-02-08T00:00:00,24.6737
2023-02-09T00:00:00,24.6726
2023-02-10T00:00:00,24.6717
2023-02-13T00:00:00,24.671
2023-02-14T00:00:00,24.6718
2023-02-15T00:00:00,24.6726
2023-02-16T00:00:00,24.6741
2023-02-17T00:00:00,24.6755
2023-02-20T00:00:00,24.6771
2023-02-21T00:00:00,24.6803
2023-02-22T00:00:00,24.6836
2023-02-23T00:00:00,24.6855
2023-02-24T00:00:00,24.6873
2023-02-27T00:00:00,24.6892
2023-02-28T00:00:00,24.6912
2023-03-01T00:00:00,24.6932
2023-03-02T00:00:00,24.6936
2023-03-03T00:00:00,24.6939
2023-03-06T00:00:00,24.6942
2023-03-07T00:00:00,24.6952
2023-03-08T00:00:00,24.6962
2023-03-09T00:00:00,24.6972
2023-03-10T00:00:00,24.6977
2023-03-13T00:00:00,24.6991
2023-03-14T00:00:00,24.6996
2023-03-15T00:00:00,24.7
2023-03-16T00:00:00,24.6997
2023-03-17T00:00:00,24.6993
2023-03-20T00:00:00,24.6989
2023-03-21T00:00:00,24.6993
2023-03-22T00:00:00,24.6997
2023-03-23T00:00:00,24.7006
2023-03-24T00:00:00,24.7016
2023-03-27T00:00:00,24.7025
2023-03-28T00:00:00,24.7031
2023-03-29T00:00:00,24.7037
2023-03-30T00:00:00,24.7035
2023-03-31T00:00:00,24.7034
2023-04-03T00:00:00,24.7032
2023-04-04T00:00:00,24.7014
2023-04-10T00:00:00,24.6995
2023-04-11T00:00:00,24.6979
2023-04-12T00:00:00,24.6961
2023-04-13T00:00:00,24.6944
2023-04-14T00:00:00,24.6915
2023-04-18T00:00:00,24.6885
2023-04-19T00:00:00,24.687
2023-04-20T00:00:00,24.6855
2023-04-21T00:00:00,24.6841
2023-04-24T00:00:00,24.682
2023-04-25T00:00:00,24.6798
2023-04-26T00:00:00,24.6788
2023-04-27T00:00:00,24.6778
2023-04-28T00:00:00,24.6769
2023-05-02T00:00:00,24.6762
2023-05-03T00:00:00,24.6755
2023-05-04T00:00:00,24.6755
2023-05-05T00:00:00,24.6755
2023-05-08T00:00:00,24.6756
2023-05-09T00:00:00,24.6765
2023-05-10T00:00:00,24.6775
2023-05-11T00:00:00,24.6782
2023-05-12T00:00:00,24.679
2023-05-15T00:00:00,24.6798
2023-05-16T00:00:00,24.6807
2023-05-17T00:00:00,24.6816
2023-05-18T00:00:00,24.6818
2023-05-19T00:00:00,24.682
2023-05-22T00:00:00,24.6821
2023-05-23T00:00:00,24.6832
2023-05-24T00:00:00,24.6845
2023-05-25T00:00:00,24.6857
2023-05-26T00:00:00,24.687
2023-05-29T00:00:00,24.6883
2023-05-30T00:00:00,24.6918
2023-05-31T00:00:00,24.6953
2023-06-01T00:00:00,24.6978
2023-06-02T00:00:00,24.7004
2023-06-05T00:00:00,24.703
2023-06-06T00:00:00,24.707
2023-06-07T00:00:00,24.7111
2023-06-08T00:00:00,24.7134
2023-06-09T00:00:00,24.7154
2023-06-12T00:00:00,24.7174
2023-06-13T00:00:00,24.7195
2023-06-14T00:00:00,24.7217
2023-06-15T00:00:00,24.7224
2023-06-16T00:00:00,24.723
2023-06-19T00:00:00,24.7235
2023-06-20T00:00:00,24.7234
2023-06-21T00:00:00,24.7234
2023-06-22T00:00:00,24.7231
2023-06-23T00:00:00,24.7227
2023-06-26T00:00:00,24.7224
2023-06-27T00:00:00,24.7206
2023-06-28T00:00:00,24.7189
2023-06-29T00:00:00,24.7176
2023-06-30T00:00:00,24.7162
2023-07-03T00:00:00,24.7148
2023-07-04T00:00:00,24.7139
2023-07-05T00:00:00,24.7128
2023-07-06T00:00:00,24.7131
2023-07-07T00:00:00,24.7134
2023-07-10T00:00:00,24.7138
2023-07-11T00:00:00,24.7148
2023-07-12T00:00:00,24.7159
2023-07-13T00:00:00,24.7165
2023-07-14T00:00:00,24.7172
2023-07-17T00:00:00,24.7179
2023-07-18T00:00:00,24.7185
2023-07-19T00:00:00,24.7191
2023-07-20T00:00:00,24.719
2023-07-21T00:00:00,24.7189
2023-07-24T00:00:00,24.7187
2023-07-25T00:00:00,24.7152
2023-07-26T00:00:00,24.7114
2023-07-27T00:00:00,24.7078
2023-07-28T00:00:00,24.7041
2023-07-31T00:00:00,24.7002
2023-08-01T00:00:00,24.6976
2023-08-02T00:00:00,24.6948
2023-08-03T00:00:00,24.6953
2023-08-04T00:00:00,24.6959
2023-08-07T00:00:00,24.6967
2023-08-08T00:00:00,24.6989
2023-08-09T00:00:00,24.7011
2023-08-10T00:00:00,24.7024
2023-08-11T00:00:00,24.7039
2023-08-14T00:00:00,24.7053
2023-08-15T00:00:00,24.7086
2023-08-16T00:00:00,24.7119
2023-08-17T00:00:00,24.7142
2023-08-18T00:00:00,24.7164
2023-08-21T00:00:00,24.7186
2023-08-22T00:00:00,24.7209
2023-08-23T00:00:00,24.7233
2023-08-24T00:00:00,24.7239
2023-08-25T00:00:00,24.7244
2023-08-28T00:00:00,24.7248
2023-08-29T00:00:00,24.7264
2023-08-30T00:00:00,24.7279
2023-08-31T00:00:00,24.7293
2023-09-01T00:00:00,24.7307
2023-09-04T00:00:00,24.7322
2023-09-05T00:00:00,24.7343
2023-09-06T00:00:00,24.7362
2023-09-07T00:00:00,24.7372
2023-09-08T00:00:00,24.7381
2023-09-11T00:00:00,24.7191
2023-09-12T00:00:00,24.7409
2023-09-13T00:00:00,24.7429
2023-09-14T00:00:00,24.7443
2023-09-18T00:00:00,24.7455
2023-09-19T00:00:00,24.7468
2023-09-20T00:00:00,24.75
2023-09-21T00:00:00,24.7534
2023-09-22T00:00:00,24.7557
2023-09-25T00:00:00,24.7581
2023-09-26T00:00:00,24.7604
2023-09-27T00:00:00,24.7627
2023-09-28T00:00:00,24.7648
2023-09-29T00:00:00,24.7651
2023-10-02T00:00:00,24.7654
2023-10-03T00:00:00,24.7655
2023-10-09T00:00:00,24.7677
2023-10-10T00:00:00,24.7699
2023-10-11T00:00:00,24.7724
2023-10-12T00:00:00,24.7749
2023-10-13T00:00:00,24.7773
2023-10-16T00:00:00,24.7809
2023-10-17T00:00:00,24.7847
2023-10-18T00:00:00,24.7864
2023-10-19T00:00:00,24.7881
2023-10-20T00:00:00,24.7898
2023-10-23T00:00:00,24.7917
2023-10-24T00:00:00,24.7939
2023-10-25T00:00:00,24.7947
2023-10-26T00:00:00,24.7953
2023-10-27T00:00:00,24.796
2023-10-30T00:00:00,24.7973
2023-10-31T00:00:00,24.7986
2023-11-01T00:00:00,24.7997
2023-11-02T00:00:00,24.8007
2023-11-03T00:00:00,24.8017
2023-11-06T00:00:00,24.8032
2023-11-07T00:00:00,24.8046
2023-11-08T00:00:00,24.8054
2023-11-09T00:00:00,24.8061
2023-11-10T00:00:00,24.8068
2023-11-13T00:00:00,24.8056
2023-11-14T00:00:00,24.8044
2023-11-15T00:00:00,24.8025
2023-11-16T00:00:00,24.8008
2023-11-17T00:00:00,24.7988
2023-11-20T00:00:00,24.7968
2023-11-21T00:00:00,24.7946
2023-11-22T00:00:00,24.7942
2023-11-23T00:00:00,24.7938
2023-11-24T00:00:00,24.7934
2023-11-27T00:00:00,24.7898
2023-11-28T00:00:00,24.7864
2023-11-29T00:00:00,24.783
2023-11-30T00:00:00,24.7796
2023-12-01T00:00:00,24.7761
2023-12-04T00:00:00,24.7717
2023-12-05T00:00:00,24.7674
2023-12-06T00:00:00,24.766
2023-12-07T00:00:00,24.7646
2023-12-08T00:00:00,24.7632
2023-12-11T00:00:00,24.7629
2023-12-12T00:00:00,24.7627
2023-12-13T00:00:00,24.7633
2023-12-14T00:00:00,24.7639
2023-12-15T00:00:00,24.7648
2023-12-18T00:00:00,24.7673
2023-12-19T00:00:00,24.7699
2023-12-20T00:00:00,24.7717
2023-12-21T00:00:00,24.7738
2023-12-22T00:00:00,24.7758
2023-12-26T00:00:00,24.7764
2023-12-27T00:00:00,24.7769
2023-12-28T00:00:00,24.7758
2023-12-29T00:00:00,24.7746
2024-01-02T00:00:00,24.7746
2024-01-03T00:00:00,24.7733
2024-01-04T00:00:00,24.7704
2024-01-05T00:00:00,24.7677
2024-01-08T00:00:00,24.7661
2024-01-09T00:00:00,24.7646
2024-01-10T00:00:00,24.7629
2024-01-11T00:00:00,24.7618
2024-01-12T00:00:00,24.7606
2024-01-15T00:00:00,24.7607
2024-01-16T00:00:00,24.761
2024-01-17T00:00:00,24.7613
2024-01-18T00:00:00,24.762
2024-01-19T00:00:00,24.7629
2024-01-22T00:00:00,24.7633
2024-01-23T00:00:00,24.7639
2024-01-24T00:00:00,24.7644
2024-01-25T00:00:00,24.766
2024-01-26T00:00:00,24.7677
2024-01-29T00:00:00,24.769
2024-01-30T00:00:00,24.7703
2024-01-31T00:00:00,24.7717
2024-02-01T00:00:00,24.7737
2024-02-02T00:00:00,24.7756
2024-02-05T00:00:00,24.7764
2024-02-06T00:00:00,24.7772
2024-02-07T00:00:00,24.7779
2024-02-08T00:00:00,24.7793
2024-02-09T00:00:00,24.7807
2024-02-12T00:00:00,24.7816
2024-02-13T00:00:00,24.7826
2024-02-14T00:00:00,24.7834
2024-02-15T00:00:00,24.7856
2024-02-16T00:00:00,24.7876
2024-02-19T00:00:00,24.7891
2024-02-20T00:00:00,24.7906
2024-02-21T00:00:00,24.7921
2024-02-22T00:00:00,24.7943
2024-02-23T00:00:00,24.7962
2024-02-26T00:00:00,24.797
2024-02-27T00:00:00,24.7978
2024-02-28T00:00:00,24.7985
2024-02-29T00:00:00,24.7989
2024-03-01T00:00:00,24.7992
2024-03-04T00:00:00,24.799
2024-03-05T00:00:00,24.7987
2024-03-06T00:00:00,24.7984
2024-03-07T00:00:00,24.7982
2024-03-08T00:00:00,24.798
2024-03-11T00:00:00,24.798
2024-03-12T00:00:00,24.7981
2024-03-13T00:00:00,24.7981
2024-03-14T00:00:00,24.7975
2024-03-15T00:00:00,24.7967
2024-03-18T00:00:00,24.7959
2024-03-19T00:00:00,24.7951
2024-03-20T00:00:00,24.7942
2024-03-21T00:00:00,24.7922
2024-03-22T00:00:00,24.7904
2024-03-25T00:00:00,24.7893
2024-03-26T00:00:00,24.7881
2024-04-01T00:00:00,24.7869
2024-04-02T00:00:00,24.7865
2024-04-03T00:00:00,24.786
2024-04-04T00:00:00,24.7865
2024-04-05T00:00:00,24.787
2024-04-08T00:00:00,24.7876
2024-04-09T00:00:00,24.7886
2024-04-10T00:00:00,24.7896
2024-04-11T00:00:00,24.79
2024-04-12T00:00:00,24.7905
2024-04-16T00:00:00,24.7909
2024-04-17T00:00:00,24.7909
2024-04-18T00:00:00,24.7909
2024-04-19T00:00:00,24.7906
2024-04-22T00:00:00,24.7901
2024-04-23T00:00:00,24.7897
2024-04-24T00:00:00,24.792
2024-04-25T00:00:00,24.7945
2024-04-26T00:00:00,24.7973
2024-04-29T00:00:00,24.8003
2024-04-30T00:00:00,24.8034
2024-05-02T00:00:00,24.8076
2024-05-03T00:00:00,24.8121
2024-05-06T00:00:00,24.8141
2024-05-07T00:00:00,24.8159
2024-05-08T00:00:00,24.8177
2024-05-09T00:00:00,24.819
2024-05-10T00:00:00,24.8203
2024-05-13T00:00:00,24.8203
2024-05-14T00:00:00,24.8202
2024-05-15T00:00:00,24.82
2024-05-16T00:00:00,24.8193
2024-05-17T00:00:00,24.8184
2024-05-20T00:00:00,24.818
2024-05-21T00:00:00,24.8176
2024-05-22T00:00:00,24.8171
2024-05-23T00:00:00,24.8159
2024-05-24T00:00:00,24.8147
2024-05-27T00:00:00,24.814
2024-05-28T00:00:00,24.813
2024-05-29T00:00:00,24.8121
2024-05-30T00:00:00,24.8113
2024-05-31T00:00:00,24.8104
2024-06-03T00:00:00,24.8101
2024-06-04T00:00:00,24.81
2024-06-05T00:00:00,24.8097
2024-06-06T00:00:00,24.8108
2024-06-07T00:00:00,24.812
2024-06-10T00:00:00,24.8133
2024-06-11T00:00:00,24.8147
2024-06-12T00:00:00,24.816
2024-06-13T00:00:00,24.8199
2024-06-14T00:00:00,24.824
2024-06-17T00:00:00,24.8269
2024-06-18T00:00:00,24.8297
2024-06-19T00:00:00,24.8327
2024-06-20T00:00:00,24.8393
2024-06-21T00:00:00,24.846
2024-06-24T00:00:00,24.8502
2024-06-25T00:00:00,24.8547
2024-06-26T00:00:00,24.8589
2024-06-27T00:00:00,24.863
2024-06-28T00:00:00,24.8673
2024-07-01T00:00:00,24.8682
2024-07-02T00:00:00,24.8688
2024-07-03T00:00:00,24.8693
2024-07-04T00:00:00,24.8701
2024-07-05T00:00:00,24.8707
2024-07-08T00:00:00,24.8714
2024-07-09T00:00:00,24.8718
2024-07-10T00:00:00,24.8723
2024-07-11T00:00:00,24.8725
2024-07-12T00:00:00,24.8727
2024-07-15T00:00:00,24.8725
2024-07-16T00:00:00,24.8724
2024-07-17T00:00:00,24.8722
2024-07-18T00:00:00,24.8708
2024-07-19T00:00:00,24.8694
2024-07-22T00:00:00,24.8681
2024-07-23T00:00:00,24.8667
2024-07-24T00:00:00,24.8653
2024-07-25T00:00:00,24.863
2024-07-26T00:00:00,24.8607
2024-07-29T00:00:00,24.8596
2024-07-30T00:00:00,24.8585
2024-07-31T00:00:00,24.8574
2024-08-01T00:00:00,24.8582
2024-08-02T00:00:00,24.8591
2024-08-05T00:00:00,24.8608
2024-08-06T00:00:00,24.8627
2024-08-07T00:00:00,24.8647
2024-08-08T00:00:00,24.8718
2024-08-09T00:00:00,24.8718
2024-08-12T00:00:00,24.8736
2024-08-13T00:00:00,24.8757
2024-08-14T00:00:00,24.8776
2024-08-15T00:00:00,24.8794
2024-08-16T00:00:00,24.8812
2024-08-19T00:00:00,24.8816
2024-08-20T00:00:00,24.8818
2024-08-21T00:00:00,24.882
2024-08-22T00:00:00,24.8822
